ds,y
2024-10-14 01:28:00,62458.69
2024-10-14 01:29:00,62436.0
2024-10-14 01:30:00,62459.16
2024-10-14 01:31:00,62508.0
2024-10-14 01:32:01,62537.06
2024-10-14 01:33:01,62600.0
2024-10-14 01:34:01,62604.11
2024-10-14 01:35:01,62636.36
2024-10-14 01:36:01,62582.23
2024-10-14 01:37:01,62621.21
2024-10-14 01:38:01,62592.33
2024-10-14 01:39:01,62616.0
2024-10-14 01:40:02,62629.15
2024-10-14 01:41:02,62712.49
2024-10-14 01:42:02,62646.67
2024-10-14 01:43:02,62672.0
2024-10-14 01:44:02,62646.69
2024-10-14 01:45:02,62612.42
2024-10-14 01:46:02,62661.6
2024-10-14 01:47:02,62629.17
2024-10-14 01:48:02,62590.79
2024-10-14 01:49:03,62608.01
2024-10-14 01:50:03,62608.01
2024-10-14 01:51:03,62599.9
2024-10-14 01:52:03,62614.93
2024-10-14 01:53:03,62654.0
2024-10-14 01:54:03,62659.78
2024-10-14 01:55:03,62664.0
2024-10-14 01:56:03,62651.99
2024-10-14 01:57:03,62636.36
2024-10-14 01:58:03,62655.02
2024-10-14 01:59:04,62619.9
2024-10-14 02:00:04,62636.27
2024-10-14 02:01:04,62619.92
2024-10-14 02:02:04,62639.99
2024-10-14 02:03:04,62708.94
2024-10-14 02:04:04,62724.99
2024-10-14 02:05:04,62742.11
2024-10-14 02:06:04,62745.37
2024-10-14 02:07:04,62668.01
2024-10-14 02:08:05,62676.46
2024-10-14 02:09:05,62702.41
2024-10-14 02:10:05,62745.25
2024-10-14 02:11:05,62807.13
2024-10-14 02:12:05,62783.45
2024-10-14 02:13:05,62795.37
2024-10-14 02:14:05,62774.76
2024-10-14 02:15:05,62815.58
2024-10-14 02:16:05,62879.99
2024-10-14 02:17:06,62768.12
2024-10-14 02:18:06,62793.54
2024-10-14 02:19:06,62803.4
2024-10-14 02:20:06,62767.98
2024-10-14 02:21:06,62700.01
2024-10-14 02:22:06,62709.99
2024-10-14 02:23:06,62714.0
2024-10-14 02:24:06,62727.27
2024-10-14 02:25:06,62732.0
2024-10-14 02:26:06,62739.14
2024-10-14 02:27:07,62720.01
2024-10-14 02:28:07,62727.27
2024-10-14 02:29:07,62757.57
2024-10-14 02:30:07,62738.09
2024-10-14 02:31:07,62706.0
2024-10-14 02:32:07,62690.12
2024-10-14 02:33:07,62696.0
2024-10-14 02:34:07,62698.01
2024-10-14 02:35:08,62705.99
2024-10-14 02:36:08,62709.27
2024-10-14 02:37:08,62654.1
2024-10-14 02:38:08,62656.49
2024-10-14 02:39:08,62618.46
2024-10-14 02:40:08,62627.95
2024-10-14 02:41:08,62593.78
2024-10-14 02:42:08,62587.41
2024-10-14 02:43:08,62520.82
2024-10-14 02:44:09,62473.99
2024-10-14 02:45:09,62468.0
2024-10-14 02:46:09,62436.6
2024-10-14 02:47:09,62461.18
2024-10-14 02:48:09,62504.0
2024-10-14 02:49:09,62542.37
2024-10-14 02:50:09,62537.97
2024-10-14 02:51:09,62510.0
2024-10-14 02:52:09,62548.0
2024-10-14 02:53:10,62570.73
2024-10-14 02:54:10,62566.37
2024-10-14 02:55:10,62575.76
2024-10-14 02:56:10,62504.0
2024-10-14 02:57:10,62503.56
2024-10-14 02:58:10,62498.96
2024-10-14 02:59:10,62528.37
2024-10-14 03:00:10,62529.89
2024-10-14 03:01:10,62507.41
2024-10-14 03:02:11,62500.0
2024-10-14 03:03:11,62479.97
2024-10-14 03:04:11,62471.25
2024-10-14 03:05:11,62429.9
2024-10-14 03:06:11,62444.0
2024-10-14 03:07:11,62457.99
2024-10-14 03:08:12,62461.98
2024-10-14 03:09:12,62489.99
2024-10-14 03:10:12,62462.09
2024-10-14 03:11:12,62372.55
2024-10-14 03:12:12,62366.01
2024-10-14 03:13:12,62340.5
2024-10-14 03:14:12,62342.67
2024-10-14 03:15:12,62342.0
2024-10-14 03:16:12,62384.0
2024-10-14 03:17:13,62446.0
2024-10-14 03:18:13,62480.0
2024-10-14 03:19:13,62480.8
2024-10-14 03:20:13,62496.0
2024-10-14 03:21:13,62491.65
2024-10-14 03:22:13,62485.91
2024-10-14 03:23:13,62517.09
2024-10-14 03:24:14,62497.98
2024-10-14 03:25:14,62474.35
2024-10-14 03:26:14,62499.66
2024-10-14 03:27:14,62515.73
2024-10-14 03:28:14,62515.15
2024-10-14 03:29:14,62537.62
2024-10-14 03:30:14,62553.29
2024-10-14 03:31:14,62593.48
2024-10-14 03:32:14,62595.64
2024-10-14 03:33:15,62623.11
2024-10-14 03:34:15,62560.0
2024-10-14 03:35:15,62566.37
2024-10-14 03:36:15,62480.17
2024-10-14 03:37:15,62469.46
2024-10-14 03:38:15,62424.0
2024-10-14 03:39:15,62411.99
2024-10-14 03:40:15,62444.89
2024-10-14 03:41:15,62404.11
2024-10-14 03:42:16,62420.0
2024-10-14 03:43:16,62375.49
2024-10-14 03:44:16,62400.22
2024-10-14 03:45:16,62378.0
2024-10-14 03:46:16,62370.0
2024-10-14 03:47:16,62409.96
2024-10-14 03:48:16,62379.99
2024-10-14 03:49:16,62413.99
2024-10-14 03:50:16,62447.99
2024-10-14 03:51:17,62416.0
2024-10-14 03:52:17,62430.76
2024-10-14 03:53:17,62440.88
2024-10-14 03:54:17,62435.9
2024-10-14 03:55:17,62449.09
2024-10-14 03:56:17,62425.09
2024-10-14 03:57:17,62426.01
2024-10-14 03:58:17,62440.0
2024-10-14 03:59:17,62423.55
2024-10-14 04:00:18,62435.99
2024-10-14 04:01:18,62437.11
2024-10-14 04:02:18,62463.78
2024-10-14 04:03:18,62470.01
2024-10-14 04:04:18,62499.98
2024-10-14 04:05:18,62500.0
2024-10-14 04:06:18,62505.99
2024-10-14 04:07:18,62525.98
2024-10-14 04:08:18,62553.26
2024-10-14 04:09:18,62553.25
2024-10-14 04:10:19,62559.72
2024-10-14 04:11:19,62554.01
2024-10-14 04:12:19,62558.0
2024-10-14 04:13:19,62515.15
2024-10-14 04:14:19,62500.0
2024-10-14 04:15:19,62515.12
2024-10-14 04:16:19,62525.99
2024-10-14 04:17:19,62530.0
2024-10-14 04:18:19,62520.0
2024-10-14 04:19:19,62523.35
2024-10-14 04:20:20,62510.0
2024-10-14 04:21:20,62506.01
2024-10-14 04:22:20,62523.34
2024-10-14 04:23:20,62528.63
2024-10-14 04:24:20,62560.0
2024-10-14 04:25:20,62555.06
2024-10-14 04:26:20,62563.99
2024-10-14 04:27:20,62570.87
2024-10-14 04:28:20,62570.86
2024-10-14 04:29:21,62578.32
2024-10-14 04:30:21,62578.33
2024-10-14 04:31:21,62564.12
2024-10-14 04:32:21,62556.01
2024-10-14 04:33:21,62618.0
2024-10-14 04:34:21,62645.9
2024-10-14 04:35:21,62653.99
2024-10-14 04:36:21,62665.7
2024-10-14 04:37:21,62676.07
2024-10-14 04:38:21,62666.73
2024-10-14 04:39:22,62712.93
2024-10-14 04:40:22,62650.66
2024-10-14 04:41:22,62660.05
2024-10-14 04:42:22,62666.78
2024-10-14 04:43:22,62662.84
2024-10-14 04:44:22,62659.22
2024-10-14 04:45:22,62646.67
2024-10-14 04:46:22,62673.99
2024-10-14 04:47:22,62636.38
2024-10-14 04:48:23,62652.83
2024-10-14 04:49:23,62667.69
2024-10-14 04:50:23,62670.18
2024-10-14 04:51:23,62709.99
2024-10-14 04:52:23,62713.8
2024-10-14 04:53:23,62719.99
2024-10-14 04:54:23,62721.93
2024-10-14 04:55:23,62721.94
2024-10-14 04:56:23,62721.93
2024-10-14 04:57:23,62721.93
2024-10-14 04:58:24,62739.99
2024-10-14 04:59:24,62734.32
2024-10-14 05:00:24,62706.91
2024-10-14 05:01:24,62693.98
2024-10-14 05:02:24,62687.98
2024-10-14 05:03:24,62687.98
2024-10-14 05:04:24,62657.46
2024-10-14 05:05:24,62679.99
2024-10-14 05:06:24,62663.62
2024-10-14 05:07:25,62685.99
2024-10-14 05:08:25,62667.79
2024-10-14 05:09:25,62685.52
2024-10-14 05:10:25,62668.89
2024-10-14 05:11:25,62652.05
2024-10-14 05:12:25,62632.0
2024-10-14 05:13:25,62610.67
2024-10-14 05:14:25,62633.99
2024-10-14 05:15:26,62646.0
2024-10-14 05:16:26,62624.01
2024-10-14 05:17:26,62638.0
2024-10-14 05:18:26,62627.99
2024-10-14 05:19:26,62635.24
2024-10-14 05:20:26,62647.61
2024-10-14 05:21:26,62636.36
2024-10-14 05:22:26,62674.0
2024-10-14 05:23:26,62678.0
2024-10-14 05:24:27,62672.01
2024-10-14 05:25:27,62637.48
2024-10-14 05:26:27,62616.3
2024-10-14 05:27:27,62626.0
2024-10-14 05:28:27,62614.16
2024-10-14 05:29:27,62628.96
2024-10-14 05:30:27,62649.99
2024-10-14 05:31:27,62663.99
2024-10-14 05:32:27,62670.0
2024-10-14 05:33:28,62657.55
2024-10-14 05:34:28,62655.02
2024-10-14 05:35:28,62636.36
2024-10-14 05:36:28,62622.01
2024-10-14 05:37:28,62658.55
2024-10-14 05:38:28,62666.0
2024-10-14 05:39:28,62655.84
2024-10-14 05:40:29,62655.84
2024-10-14 05:41:29,62634.99
2024-10-14 05:42:29,62626.01
2024-10-14 05:43:29,62659.84
2024-10-14 05:44:29,62614.01
2024-10-14 05:45:29,62624.0
2024-10-14 05:46:29,62646.0
2024-10-14 05:47:29,62626.01
2024-10-14 05:48:30,62633.56
2024-10-14 05:49:30,62640.09
2024-10-14 05:50:30,62651.99
2024-10-14 05:51:30,62652.8
2024-10-14 05:52:30,62679.9
2024-10-14 05:53:30,62677.99
2024-10-14 05:54:30,62674.0
2024-10-14 05:55:30,62675.37
2024-10-14 05:56:30,62666.66
2024-10-14 05:57:30,62665.73
2024-10-14 05:58:31,62713.54
2024-10-14 05:59:31,62749.99
2024-10-14 06:00:31,62767.99
2024-10-14 06:01:31,62771.67
2024-10-14 06:02:31,62780.84
2024-10-14 06:03:31,62770.0
2024-10-14 06:04:31,62759.99
2024-10-14 06:05:31,62760.56
2024-10-14 06:06:32,62720.0
2024-10-14 06:07:32,62712.01
2024-10-14 06:08:32,62724.0
2024-10-14 06:09:32,62730.0
2024-10-14 06:10:32,62736.0
2024-10-14 06:11:32,62763.49
2024-10-14 06:12:32,62762.0
2024-10-14 06:13:32,62758.45
2024-10-14 06:14:32,62691.01
2024-10-14 06:15:33,62708.97
2024-10-14 06:16:33,62720.0
2024-10-14 06:17:33,62764.0
2024-10-14 06:18:33,62757.58
2024-10-14 06:19:33,62744.66
2024-10-14 06:20:33,62755.0
2024-10-14 06:21:33,62768.01
2024-10-14 06:22:33,62814.99
2024-10-14 06:23:33,62826.0
2024-10-14 06:24:34,62836.0
2024-10-14 06:25:34,62874.55
2024-10-14 06:26:34,62853.04
2024-10-14 06:27:34,62852.0
2024-10-14 06:28:34,62862.0
2024-10-14 06:29:34,62869.99
2024-10-14 06:30:34,62869.99
2024-10-14 06:31:34,62878.39
2024-10-14 06:32:34,62952.01
2024-10-14 06:33:35,63006.6
2024-10-14 06:34:35,62972.0
2024-10-14 06:35:35,62940.0
2024-10-14 06:36:35,62960.0
2024-10-14 06:37:35,62884.01
2024-10-14 06:38:35,62914.32
2024-10-14 06:39:35,62958.0
2024-10-14 06:40:35,62926.55
2024-10-14 06:41:35,62926.53
2024-10-14 06:42:35,62919.9
2024-10-14 06:43:36,62910.21
2024-10-14 06:44:36,62893.84
2024-10-14 06:45:36,62864.52
2024-10-14 06:46:36,62850.0
2024-10-14 06:47:36,62842.51
2024-10-14 06:48:36,62842.51
2024-10-14 06:49:36,62842.52
2024-10-14 06:50:36,62818.18
2024-10-14 06:51:36,62859.99
2024-10-14 06:52:37,62870.99
2024-10-14 06:53:37,62903.7
2024-10-14 06:54:37,62949.99
2024-10-14 06:55:37,62900.0
2024-10-14 06:56:37,62896.71
2024-10-14 06:57:37,62900.39
2024-10-14 06:58:37,62898.16
2024-10-14 06:59:37,62895.11
2024-10-14 07:00:37,62899.99
2024-10-14 07:01:37,62917.49
2024-10-14 07:02:38,62962.64
2024-10-14 07:03:38,63052.62
2024-10-14 07:04:38,63112.93
2024-10-14 07:05:38,63070.01
2024-10-14 07:06:38,63054.0
2024-10-14 07:07:38,62978.01
2024-10-14 07:08:38,62984.0
2024-10-14 07:09:38,63008.01
2024-10-14 07:10:39,62984.01
2024-10-14 07:11:39,62994.0
2024-10-14 07:12:39,63040.0
2024-10-14 07:13:39,62934.0
2024-10-14 07:14:39,62995.3
2024-10-14 07:15:39,63034.01
2024-10-14 07:16:39,62972.0
2024-10-14 07:17:39,62980.0
2024-10-14 07:18:39,62985.99
2024-10-14 07:19:39,62959.91
2024-10-14 07:20:40,62972.01
2024-10-14 07:21:40,62952.56
2024-10-14 07:22:40,62936.53
2024-10-14 07:23:40,62950.78
2024-10-14 07:24:40,62924.0
2024-10-14 07:25:40,62910.01
2024-10-14 07:26:40,62859.91
2024-10-14 07:27:40,62795.99
2024-10-14 07:28:40,62792.16
2024-10-14 07:29:41,62776.0
2024-10-14 07:30:41,62818.18
2024-10-14 07:31:41,62779.91
2024-10-14 07:32:41,62757.58
2024-10-14 07:33:41,62740.0
2024-10-14 07:34:41,62772.02
2024-10-14 07:35:41,62782.01
2024-10-14 07:36:41,62811.29
2024-10-14 07:37:41,62780.47
2024-10-14 07:38:41,62848.49
2024-10-14 07:39:42,62838.98
2024-10-14 07:40:42,62849.99
2024-10-14 07:41:42,62875.49
2024-10-14 07:42:42,62830.0
2024-10-14 07:43:42,62830.01
2024-10-14 07:44:42,62800.0
2024-10-14 07:45:42,62813.81
2024-10-14 07:46:42,62837.29
2024-10-14 07:47:42,62798.16
2024-10-14 07:48:43,62818.48
2024-10-14 07:49:43,62818.49
2024-10-14 07:50:43,62832.0
2024-10-14 07:51:43,62800.0
2024-10-14 07:52:43,62811.82
2024-10-14 07:53:43,62824.0
2024-10-14 07:54:43,62792.0
2024-10-14 07:55:43,62734.31
2024-10-14 07:56:43,62780.0
2024-10-14 07:57:43,62823.02
2024-10-14 07:58:44,62835.47
2024-10-14 07:59:44,62835.46
2024-10-14 08:00:44,62818.19
2024-10-14 08:01:44,62820.0
2024-10-14 08:02:44,62785.02
2024-10-14 08:03:44,62768.0
2024-10-14 08:04:44,62752.94
2024-10-14 08:05:45,62755.95
2024-10-14 08:06:45,62719.37
2024-10-14 08:07:45,62690.0
2024-10-14 08:08:45,62704.04
2024-10-14 08:09:45,62686.68
2024-10-14 08:10:45,62688.0
2024-10-14 08:11:45,62689.06
2024-10-14 08:12:45,62693.99
2024-10-14 08:13:45,62695.95
2024-10-14 08:14:45,62693.47
2024-10-14 08:15:46,62710.37
2024-10-14 08:16:46,62700.01
2024-10-14 08:17:46,62672.87
2024-10-14 08:18:46,62661.29
2024-10-14 08:19:46,62642.96
2024-10-14 08:20:46,62655.99
2024-10-14 08:21:46,62676.48
2024-10-14 08:22:46,62687.73
2024-10-14 08:23:46,62701.99
2024-10-14 08:24:46,62700.01
2024-10-14 08:25:47,62667.18
2024-10-14 08:26:47,62690.0
2024-10-14 08:27:47,62692.01
2024-10-14 08:28:47,62682.0
2024-10-14 08:29:47,62692.01
2024-10-14 08:30:47,62720.0
2024-10-14 08:31:47,62722.26
2024-10-14 08:32:47,62722.6
2024-10-14 08:33:47,62749.99
2024-10-14 08:34:48,62765.49
2024-10-14 08:35:48,62784.79
2024-10-14 08:36:48,62720.42
2024-10-14 08:37:48,62755.99
2024-10-14 08:38:48,62754.76
2024-10-14 08:39:48,62770.0
2024-10-14 08:40:49,62764.27
2024-10-14 08:41:49,62780.54
2024-10-14 08:42:49,62808.0
2024-10-14 08:43:49,62800.99
2024-10-14 08:44:49,62797.22
2024-10-14 08:45:49,62832.89
2024-10-14 08:46:49,62843.44
2024-10-14 08:47:49,62848.48
2024-10-14 08:48:49,62810.38
2024-10-14 08:49:49,62798.0
2024-10-14 08:50:49,62786.47
2024-10-14 08:51:50,62799.99
2024-10-14 08:52:50,62814.99
2024-10-14 08:53:50,62840.0
2024-10-14 08:54:50,62865.35
2024-10-14 08:55:50,62881.55
2024-10-14 08:56:50,62878.07
2024-10-14 08:57:50,62892.86
2024-10-14 08:58:50,62878.79
2024-10-14 08:59:50,62870.02
2024-10-14 09:00:51,62881.99
2024-10-14 09:01:51,62855.69
2024-10-14 09:02:51,62841.71
2024-10-14 09:03:51,62862.36
2024-10-14 09:04:51,62827.0
2024-10-14 09:05:51,62800.0
2024-10-14 09:06:51,62828.0
2024-10-14 09:07:51,62767.5
2024-10-14 09:08:51,62754.0
2024-10-14 09:09:51,62737.68
2024-10-14 09:10:52,62720.01
2024-10-14 09:11:52,62722.01
2024-10-14 09:12:52,62722.95
2024-10-14 09:13:52,62723.33
2024-10-14 09:14:52,62697.1
2024-10-14 09:15:52,62735.55
2024-10-14 09:16:52,62699.96
2024-10-14 09:17:53,62588.0
2024-10-14 09:18:53,62552.1
2024-10-14 09:19:53,62622.51
2024-10-14 09:20:53,62640.91
2024-10-14 09:21:53,62680.0
2024-10-14 09:22:53,62643.81
2024-10-14 09:23:53,62667.2
2024-10-14 09:24:53,62656.5
2024-10-14 09:25:53,62663.66
2024-10-14 09:26:53,62707.27
2024-10-14 09:27:54,62694.66
2024-10-14 09:28:54,62705.7
2024-10-14 09:29:54,62701.5
2024-10-14 09:30:54,62637.68
2024-10-14 09:31:54,62640.0
2024-10-14 09:32:54,62640.0
2024-10-14 09:33:54,62716.0
2024-10-14 09:34:54,62699.9
2024-10-14 09:35:54,62684.99
2024-10-14 09:36:55,62648.02
2024-10-14 09:37:55,62679.99
2024-10-14 09:38:55,62669.54
2024-10-14 09:39:55,62645.92
2024-10-14 09:40:55,62637.48
2024-10-14 09:41:55,62640.01
2024-10-14 09:42:55,62592.26
2024-10-14 09:43:55,62589.82
2024-10-14 09:44:56,62619.99
2024-10-14 09:45:56,62568.59
2024-10-14 09:46:56,62549.9
2024-10-14 09:47:56,62554.85
2024-10-14 09:48:56,62548.0
2024-10-14 09:49:56,62486.64
2024-10-14 09:50:56,62487.92
2024-10-14 09:51:56,62463.99
2024-10-14 09:52:57,62539.99
2024-10-14 09:53:57,62525.49
2024-10-14 09:54:57,62510.67
2024-10-14 09:55:57,62542.14
2024-10-14 09:56:57,62544.73
2024-10-14 09:57:57,62575.75
2024-10-14 09:58:57,62530.0
2024-10-14 09:59:58,62523.54
2024-10-14 10:00:58,62547.92
2024-10-14 10:01:58,62545.5
2024-10-14 10:02:58,62572.68
2024-10-14 10:03:58,62575.67
2024-10-14 10:04:58,62552.94
2024-10-14 10:05:58,62569.13
2024-10-14 10:06:58,62591.16
2024-10-14 10:07:58,62571.06
2024-10-14 10:08:59,62545.58
2024-10-14 10:09:59,62568.29
2024-10-14 10:10:59,62614.0
2024-10-14 10:11:59,62653.56
2024-10-14 10:12:59,62648.0
2024-10-14 10:13:59,62669.51
2024-10-14 10:14:59,62676.61
2024-10-14 10:16:00,62636.36
2024-10-14 10:17:00,62655.9
2024-10-14 10:18:00,62660.0
2024-10-14 10:19:00,62681.66
2024-10-14 10:20:00,62699.96
2024-10-14 10:21:00,62710.26
2024-10-14 10:22:00,62760.03
2024-10-14 10:23:00,62788.6
2024-10-14 10:24:00,62771.38
2024-10-14 10:25:01,62746.01
2024-10-14 10:26:01,62749.99
2024-10-14 10:27:01,62760.89
2024-10-14 10:28:01,62759.02
2024-10-14 10:29:01,62776.94
2024-10-14 10:30:01,62787.88
2024-10-14 10:31:01,62752.61
2024-10-14 10:32:01,62787.88
2024-10-14 10:33:01,62732.62
2024-10-14 10:34:02,62738.0
2024-10-14 10:35:02,62763.99
2024-10-14 10:36:02,62738.07
2024-10-14 10:37:02,62732.73
2024-10-14 10:38:02,62769.73
2024-10-14 10:39:02,62742.0
2024-10-14 10:40:03,62747.14
2024-10-14 10:41:03,62723.27
2024-10-14 10:42:03,62714.01
2024-10-14 10:43:03,62685.0
2024-10-14 10:44:03,62680.0
2024-10-14 10:45:03,62659.91
2024-10-14 10:46:03,62683.61
2024-10-14 10:47:03,62674.0
2024-10-14 10:48:04,62654.89
2024-10-14 10:49:04,62639.76
2024-10-14 10:50:04,62636.37
2024-10-14 10:51:04,62621.49
2024-10-14 10:52:04,62567.73
2024-10-14 10:53:04,62564.62
2024-10-14 10:54:04,62552.46
2024-10-14 10:55:04,62608.13
2024-10-14 10:56:04,62631.82
2024-10-14 10:57:05,62630.42
2024-10-14 10:58:05,62602.0
2024-10-14 10:59:05,62639.99
2024-10-14 11:00:05,62626.53
2024-10-14 11:01:05,62580.01
2024-10-14 11:02:05,62555.05
2024-10-14 11:03:05,62528.11
2024-10-14 11:04:05,62515.16
2024-10-14 11:05:05,62478.65
2024-10-14 11:06:05,62504.01
2024-10-14 11:07:06,62515.16
2024-10-14 11:08:06,62536.5
2024-10-14 11:09:06,62559.99
2024-10-14 11:10:06,62538.02
2024-10-14 11:11:06,62586.4
2024-10-14 11:12:06,62580.0
2024-10-14 11:13:06,62581.86
2024-10-14 11:14:06,62580.7
2024-10-14 11:15:06,62566.0
2024-10-14 11:16:07,62548.98
2024-10-14 11:17:07,62600.95
2024-10-14 11:18:07,62616.99
2024-10-14 11:19:07,62601.08
2024-10-14 11:20:07,62589.99
2024-10-14 11:21:07,62557.24
2024-10-14 11:22:07,62610.82
2024-10-14 11:23:07,62610.0
2024-10-14 11:24:07,62622.88
2024-10-14 11:25:08,62589.69
2024-10-14 11:26:08,62560.72
2024-10-14 11:27:08,62572.0
2024-10-14 11:28:08,62586.0
2024-10-14 11:29:08,62553.88
2024-10-14 11:30:08,62540.0
2024-10-14 11:31:08,62583.58
2024-10-14 11:32:08,62592.0
2024-10-14 11:33:08,62590.0
2024-10-14 11:34:09,62549.9
2024-10-14 11:35:09,62566.9
2024-10-14 11:36:09,62584.01
2024-10-14 11:37:09,62575.76
2024-10-14 11:38:09,62559.9
2024-10-14 11:39:09,62568.39
2024-10-14 11:40:09,62625.29
2024-10-14 11:41:09,62621.87
2024-10-14 11:42:09,62599.78
2024-10-14 11:43:10,62580.41
2024-10-14 11:44:10,62595.99
2024-10-14 11:45:10,62608.18
2024-10-14 11:46:10,62629.99
2024-10-14 11:47:10,62583.5
2024-10-14 11:48:10,62579.9
2024-10-14 11:49:10,62583.63
2024-10-14 11:50:10,62578.57
2024-10-14 11:51:10,62551.92
2024-10-14 11:52:11,62540.0
2024-10-14 11:53:11,62540.01
2024-10-14 11:54:11,62569.23
2024-10-14 11:55:11,62595.36
2024-10-14 11:56:11,62608.0
2024-10-14 11:57:11,62596.0
2024-10-14 11:58:11,62580.0
2024-10-14 11:59:12,62581.35
2024-10-14 12:00:12,62612.0
2024-10-14 12:01:12,62625.29
2024-10-14 12:02:12,62649.99
2024-10-14 12:03:12,62652.63
2024-10-14 12:04:12,62666.66
2024-10-14 12:05:12,62673.92
2024-10-14 12:06:12,62668.18
2024-10-14 12:07:12,62660.01
2024-10-14 12:08:13,62641.61
2024-10-14 12:09:13,62671.92
2024-10-14 12:10:13,62668.02
2024-10-14 12:11:13,62699.99
2024-10-14 12:12:13,62696.0
2024-10-14 12:13:13,62723.5
2024-10-14 12:14:13,62745.76
2024-10-14 12:15:13,62757.5
2024-10-14 12:16:13,62801.92
2024-10-14 12:17:14,62833.44
2024-10-14 12:18:14,62875.48
2024-10-14 12:19:14,62875.13
2024-10-14 12:20:14,62826.09
2024-10-14 12:21:14,62870.52
2024-10-14 12:22:14,62944.0
2024-10-14 12:23:14,63042.5
2024-10-14 12:24:14,62999.89
2024-10-14 12:25:14,63026.0
2024-10-14 12:26:15,63137.99
2024-10-14 12:27:15,63271.75
2024-10-14 12:28:15,63315.48
2024-10-14 12:29:15,63313.99
2024-10-14 12:30:15,63300.0
2024-10-14 12:31:15,63248.49
2024-10-14 12:32:15,63234.0
2024-10-14 12:33:15,63234.0
2024-10-14 12:34:16,63333.36
2024-10-14 12:35:16,63657.48
2024-10-14 12:36:16,63676.0
2024-10-14 12:37:16,63756.62
2024-10-14 12:38:16,63840.01
2024-10-14 12:39:16,63836.01
2024-10-14 12:40:16,63887.99
2024-10-14 12:41:16,63861.63
2024-10-14 12:42:16,63961.99
2024-10-14 12:43:17,64076.58
2024-10-14 12:44:17,64102.02
2024-10-14 12:45:17,64024.01
2024-10-14 12:46:17,63966.94
2024-10-14 12:47:17,63944.63
2024-10-14 12:48:17,64100.0
2024-10-14 12:49:17,64142.0
2024-10-14 12:50:17,64171.37
2024-10-14 12:51:17,64064.0
2024-10-14 12:52:17,64080.1
2024-10-14 12:53:18,64091.51
2024-10-14 12:54:18,64119.99
2024-10-14 12:55:18,64073.54
2024-10-14 12:56:18,64233.12
2024-10-14 12:57:18,64366.0
2024-10-14 12:58:18,64250.0
2024-10-14 12:59:18,64276.35
2024-10-14 13:00:18,64379.14
2024-10-14 13:01:18,64413.99
2024-10-14 13:02:18,64490.17
2024-10-14 13:03:19,64414.56
2024-10-14 13:04:19,64373.0
2024-10-14 13:05:19,64386.51
2024-10-14 13:06:19,64374.49
2024-10-14 13:07:19,64388.49
2024-10-14 13:08:19,64351.01
2024-10-14 13:09:19,64218.0
2024-10-14 13:10:19,64164.01
2024-10-14 13:11:19,64273.19
2024-10-14 13:12:20,64288.0
2024-10-14 13:13:20,64339.97
2024-10-14 13:14:20,64283.01
2024-10-14 13:15:20,64189.81
2024-10-14 13:16:20,64156.4
2024-10-14 13:17:20,64127.36
2024-10-14 13:18:20,64127.35
2024-10-14 13:19:20,64194.2
2024-10-14 13:20:21,64199.99
2024-10-14 13:21:21,64278.92
2024-10-14 13:22:21,64320.0
2024-10-14 13:23:21,64286.9
2024-10-14 13:24:21,64268.46
2024-10-14 13:25:21,64258.59
2024-10-14 13:26:21,64229.99
2024-10-14 13:27:21,64225.63
2024-10-14 13:28:21,64201.63
2024-10-14 13:29:21,64197.46
2024-10-14 13:30:22,64233.45
2024-10-14 13:31:22,64235.14
2024-10-14 13:32:22,64287.99
2024-10-14 13:33:22,64294.01
2024-10-14 13:34:22,64332.62
2024-10-14 13:35:22,64308.01
2024-10-14 13:36:22,64348.0
2024-10-14 13:37:22,64379.99
2024-10-14 13:38:23,64362.46
2024-10-14 13:39:23,64301.3
2024-10-14 13:40:23,64302.01
2024-10-14 13:41:23,64259.86
2024-10-14 13:42:23,64292.0
2024-10-14 13:43:23,64316.14
2024-10-14 13:44:23,64298.0
2024-10-14 13:45:23,64265.88
2024-10-14 13:46:23,64268.59
2024-10-14 13:47:24,64309.99
2024-10-14 13:48:24,64297.3
2024-10-14 13:49:24,64269.22
2024-10-14 13:50:24,64278.64
2024-10-14 13:51:24,64299.99
2024-10-14 13:52:24,64320.0
2024-10-14 13:53:24,64200.0
2024-10-14 13:54:24,64170.99
2024-10-14 13:55:24,64163.03
2024-10-14 13:56:25,64160.51
2024-10-14 13:57:25,64140.0
2024-10-14 13:58:25,64138.44
2024-10-14 13:59:25,64134.38
2024-10-14 14:00:25,64154.0
2024-10-14 14:01:25,64159.99
2024-10-14 14:02:25,64132.93
2024-10-14 14:03:25,64142.01
2024-10-14 14:04:26,64143.4
2024-10-14 14:05:26,64130.45
2024-10-14 14:06:26,64080.95
2024-10-14 14:07:26,63973.23
2024-10-14 14:08:26,63949.18
2024-10-14 14:09:26,63984.29
2024-10-14 14:10:26,64043.99
2024-10-14 14:11:26,64034.97
2024-10-14 14:12:26,64016.58
2024-10-14 14:13:27,63968.87
2024-10-14 14:14:27,63982.0
2024-10-14 14:15:27,63910.02
2024-10-14 14:16:27,63925.44
2024-10-14 14:17:27,64009.52
2024-10-14 14:18:27,63970.0
2024-10-14 14:19:27,63968.27
2024-10-14 14:20:28,63954.01
2024-10-14 14:21:28,63958.57
2024-10-14 14:22:28,63954.0
2024-10-14 14:23:28,63959.98
2024-10-14 14:24:28,63986.47
2024-10-14 14:25:28,63947.06
2024-10-14 14:26:29,63921.32
2024-10-14 14:27:29,63928.53
2024-10-14 14:28:29,63904.0
2024-10-14 14:29:29,63932.0
2024-10-14 14:30:29,63914.14
2024-10-14 14:31:29,63937.16
2024-10-14 14:32:29,63918.0
2024-10-14 14:33:29,63885.55
2024-10-14 14:34:29,63877.99
2024-10-14 14:35:30,63859.91
2024-10-14 14:36:30,63843.33
2024-10-14 14:37:30,63836.96
2024-10-14 14:38:30,63819.84
2024-10-14 14:39:30,63839.04
2024-10-14 14:40:30,63832.56
2024-10-14 14:41:30,63884.25
2024-10-14 14:42:30,63936.0
2024-10-14 14:43:30,63945.53
2024-10-14 14:44:31,63932.08
2024-10-14 14:45:31,63922.03
2024-10-14 14:46:31,63934.0
2024-10-14 14:47:31,63932.57
2024-10-14 14:48:31,63939.95
2024-10-14 14:49:31,63927.94
2024-10-14 14:50:31,63926.0
2024-10-14 14:51:31,63890.0
2024-10-14 14:52:31,63891.99
2024-10-14 14:53:32,63919.99
2024-10-14 14:54:32,63922.27
2024-10-14 14:55:32,63937.85
2024-10-14 14:56:32,63949.27
2024-10-14 14:57:32,63935.08
2024-10-14 14:58:32,63930.6
2024-10-14 14:59:32,63941.55
2024-10-14 15:00:32,63932.0
2024-10-14 15:01:32,63926.02
2024-10-14 15:02:33,63935.98
2024-10-14 15:03:33,63917.98
2024-10-14 15:04:33,63917.99
2024-10-14 15:05:33,63916.0
2024-10-14 15:06:33,63919.99
2024-10-14 15:07:33,63891.23
2024-10-14 15:08:33,63849.76
2024-10-14 15:09:33,63842.08
2024-10-14 15:10:33,63885.67
2024-10-14 15:11:34,63844.0
2024-10-14 15:12:34,63838.67
2024-10-14 15:13:34,63822.23
2024-10-14 15:14:34,63848.0
2024-10-14 15:15:34,63846.0
2024-10-14 15:16:34,63880.0
2024-10-14 15:17:34,63880.28
2024-10-14 15:18:34,63921.01
2024-10-14 15:19:34,63921.64
2024-10-14 15:20:35,63924.32
2024-10-14 15:21:35,63895.41
2024-10-14 15:22:35,63929.66
2024-10-14 15:23:35,63924.99
2024-10-14 15:24:35,63932.92
2024-10-14 15:25:35,63959.99
2024-10-14 15:26:35,63976.56
2024-10-14 15:27:35,63993.6
2024-10-14 15:28:36,64057.62
2024-10-14 15:29:36,64166.66
2024-10-14 15:30:36,64080.0
2024-10-14 15:31:36,64069.05
2024-10-14 15:32:36,64058.0
2024-10-14 15:33:36,64047.98
2024-10-14 15:34:36,64033.61
2024-10-14 15:35:36,64054.33
2024-10-14 15:36:36,64045.99
2024-10-14 15:37:37,64073.55
2024-10-14 15:38:37,64225.41
2024-10-14 15:39:37,64218.24
2024-10-14 15:40:37,64170.15
2024-10-14 15:41:37,64128.39
2024-10-14 15:42:37,64144.97
2024-10-14 15:43:37,64142.0
2024-10-14 15:44:37,64151.67
2024-10-14 15:45:38,64136.89
2024-10-14 15:46:38,64136.0
2024-10-14 15:47:38,64128.0
2024-10-14 15:48:38,64131.3
2024-10-14 15:49:38,64131.31
2024-10-14 15:50:38,64128.01
2024-10-14 15:51:38,64194.88
2024-10-14 15:52:38,64147.22
2024-10-14 15:53:38,64153.15
2024-10-14 15:54:38,64148.62
2024-10-14 15:55:39,64126.38
2024-10-14 15:56:39,64126.37
2024-10-14 15:57:39,64113.99
2024-10-14 15:58:39,64107.38
2024-10-14 15:59:39,64089.34
2024-10-14 16:00:39,64092.82
2024-10-14 16:01:39,64095.84
2024-10-14 16:02:39,64066.0
2024-10-14 16:03:39,64046.02
2024-10-14 16:04:39,64110.68
2024-10-14 16:05:40,64123.99
2024-10-14 16:06:40,64109.99
2024-10-14 16:07:40,64083.33
2024-10-14 16:08:40,64046.72
2024-10-14 16:09:40,64052.0
2024-10-14 16:10:40,64054.6
2024-10-14 16:11:40,64065.99
2024-10-14 16:12:40,64082.99
2024-10-14 16:13:40,64120.0
2024-10-14 16:14:40,64136.37
2024-10-14 16:15:40,64122.01
2024-10-14 16:16:41,64092.0
2024-10-14 16:17:41,64110.0
2024-10-14 16:18:41,64073.5
2024-10-14 16:19:41,64054.48
2024-10-14 16:20:41,64111.12
2024-10-14 16:21:41,64148.0
2024-10-14 16:22:41,64166.01
2024-10-14 16:23:41,64168.01
2024-10-14 16:24:41,64119.05
2024-10-14 16:25:41,64136.79
2024-10-14 16:26:42,64128.31
2024-10-14 16:27:42,64124.99
2024-10-14 16:28:42,64083.63
2024-10-14 16:29:42,64068.63
2024-10-14 16:30:42,64083.37
2024-10-14 16:31:42,64137.0
2024-10-14 16:32:42,64166.66
2024-10-14 16:33:42,64271.78
2024-10-14 16:34:42,64219.26
2024-10-14 16:35:42,64200.0
2024-10-14 16:36:43,64229.99
2024-10-14 16:37:43,64250.7
2024-10-14 16:38:43,64241.5
2024-10-14 16:39:43,64242.0
2024-10-14 16:40:43,64322.0
2024-10-14 16:41:43,64260.81
2024-10-14 16:42:43,64256.3
2024-10-14 16:43:43,64298.55
2024-10-14 16:44:43,64311.23
2024-10-14 16:45:43,64267.09
2024-10-14 16:46:44,64275.6
2024-10-14 16:47:44,64251.0
2024-10-14 16:48:44,64348.0
2024-10-14 16:49:44,64476.07
2024-10-14 16:50:44,64634.27
2024-10-14 16:51:44,64513.32
2024-10-14 16:52:44,64490.02
2024-10-14 16:53:44,64592.49
2024-10-14 16:54:45,64540.01
2024-10-14 16:55:45,64663.27
2024-10-14 16:56:45,64646.0
2024-10-14 16:57:45,64643.98
2024-10-14 16:58:45,64630.36
2024-10-14 16:59:45,64631.99
2024-10-14 17:00:45,64650.0
2024-10-14 17:01:45,64833.9
2024-10-14 17:02:45,64801.99
2024-10-14 17:03:45,64672.6
2024-10-14 17:04:45,64589.99
2024-10-14 17:05:45,64614.24
2024-10-14 17:06:46,64599.69
2024-10-14 17:07:46,64625.05
2024-10-14 17:08:46,64600.03
2024-10-14 17:09:46,64582.0
2024-10-14 17:10:46,64594.0
2024-10-14 17:11:46,64526.59
2024-10-14 17:12:46,64516.2
2024-10-14 17:13:46,64510.0
2024-10-14 17:14:46,64486.0
2024-10-14 17:15:46,64480.77
2024-10-14 17:16:47,64459.99
2024-10-14 17:17:47,64558.92
2024-10-14 17:18:47,64566.0
2024-10-14 17:19:47,64623.5
2024-10-14 17:20:47,64650.01
2024-10-14 17:21:47,64659.42
2024-10-14 17:22:47,64686.82
2024-10-14 17:23:47,64640.0
2024-10-14 17:24:47,64662.93
2024-10-14 17:25:47,64629.99
2024-10-14 17:26:48,64630.0
2024-10-14 17:27:48,64626.49
2024-10-14 17:28:48,64625.99
2024-10-14 17:29:48,64622.83
2024-10-14 17:30:48,64638.28
2024-10-14 17:31:48,64623.78
2024-10-14 17:32:48,64600.15
2024-10-14 17:33:48,64586.0
2024-10-14 17:34:48,64597.13
2024-10-14 17:35:49,64598.84
2024-10-14 17:36:49,64532.02
2024-10-14 17:37:49,64584.01
2024-10-14 17:38:49,64483.99
2024-10-14 17:39:49,64432.0
2024-10-14 17:40:49,64474.21
2024-10-14 17:41:49,64439.65
2024-10-14 17:42:49,64435.49
2024-10-14 17:43:50,64464.99
2024-10-14 17:44:50,64471.02
2024-10-14 17:45:50,64489.99
2024-10-14 17:46:50,64476.07
2024-10-14 17:47:50,64473.66
2024-10-14 17:48:50,64452.54
2024-10-14 17:49:50,64456.2
2024-10-14 17:50:50,64454.0
2024-10-14 17:51:50,64430.0
2024-10-14 17:52:50,64435.99
2024-10-14 17:53:50,64430.3
2024-10-14 17:54:51,64437.52
2024-10-14 17:55:51,64428.0
2024-10-14 17:56:51,64416.41
2024-10-14 17:57:51,64387.23
2024-10-14 17:58:51,64427.99
2024-10-14 17:59:51,64427.99
2024-10-14 18:00:51,64458.0
2024-10-14 18:01:51,64440.0
2024-10-14 18:02:52,64472.91
2024-10-14 18:03:52,64408.81
2024-10-14 18:04:52,64439.54
2024-10-14 18:05:52,64480.0
2024-10-14 18:06:52,64468.49
2024-10-14 18:07:52,64433.98
2024-10-14 18:08:52,64403.47
2024-10-14 18:09:52,64396.0
2024-10-14 18:10:52,64355.14
2024-10-14 18:11:53,64372.01
2024-10-14 18:12:53,64427.99
2024-10-14 18:13:53,64492.95
2024-10-14 18:14:53,64476.0
2024-10-14 18:15:53,64519.99
2024-10-14 18:16:53,64681.99
2024-10-14 18:17:53,64645.99
2024-10-14 18:18:53,64650.0
2024-10-14 18:19:53,64634.83
2024-10-14 18:20:54,64629.99
2024-10-14 18:21:54,64626.68
2024-10-14 18:22:54,64631.39
2024-10-14 18:23:54,64619.9
2024-10-14 18:24:54,64624.46
2024-10-14 18:25:54,64614.14
2024-10-14 18:26:54,64624.01
2024-10-14 18:27:54,64602.46
2024-10-14 18:28:54,64586.97
2024-10-14 18:29:55,64596.26
2024-10-14 18:30:55,64634.14
2024-10-14 18:31:55,64654.23
2024-10-14 18:32:55,64653.56
2024-10-14 18:33:55,64644.15
2024-10-14 18:34:55,64622.09
2024-10-14 18:35:55,64647.99
2024-10-14 18:36:55,64625.07
2024-10-14 18:37:55,64693.06
2024-10-14 18:38:55,64698.0
2024-10-14 18:39:56,64715.99
2024-10-14 18:40:56,64671.37
2024-10-14 18:41:56,64705.62
2024-10-14 18:42:56,64704.09
2024-10-14 18:43:56,64749.6
2024-10-14 18:44:56,64757.21
2024-10-14 18:45:56,64761.29
2024-10-14 18:46:56,64813.94
2024-10-14 18:47:56,64799.99
2024-10-14 18:48:57,64800.0
2024-10-14 18:49:57,64821.26
2024-10-14 18:50:57,64825.69
2024-10-14 18:51:57,64780.01
2024-10-14 18:52:57,64825.57
2024-10-14 18:53:57,64808.0
2024-10-14 18:54:57,64849.99
2024-10-14 18:55:57,64860.0
2024-10-14 18:56:57,64854.07
2024-10-14 18:57:58,64845.02
2024-10-14 18:58:58,64809.64
2024-10-14 18:59:58,64822.23
2024-10-14 19:00:58,64837.98
2024-10-14 19:01:58,64835.99
2024-10-14 19:02:58,64833.61
2024-10-14 19:03:58,64852.21
2024-10-14 19:04:58,64824.77
2024-10-14 19:05:58,64784.0
2024-10-14 19:06:58,64755.35
2024-10-14 19:07:59,64739.1
2024-10-14 19:08:59,64730.36
2024-10-14 19:09:59,64775.55
2024-10-14 19:10:59,64783.99
2024-10-14 19:11:59,64847.91
2024-10-14 19:12:59,64856.7
2024-10-14 19:13:59,64869.14
2024-10-14 19:14:59,64895.98
2024-10-14 19:15:59,64911.24
2024-10-14 19:17:00,64850.0
2024-10-14 19:18:00,64828.01
2024-10-14 19:19:00,64899.99
2024-10-14 19:20:00,64877.95
2024-10-14 19:21:00,64898.01
2024-10-14 19:22:00,64948.0
2024-10-14 19:23:00,64992.0
2024-10-14 19:24:00,64949.99
2024-10-14 19:25:00,64959.45
2024-10-14 19:26:01,64886.01
2024-10-14 19:27:01,64910.99
2024-10-14 19:28:01,64852.11
2024-10-14 19:29:01,64850.0
2024-10-14 19:30:01,64827.35
2024-10-14 19:31:01,64845.72
2024-10-14 19:32:01,64876.96
2024-10-14 19:33:01,64855.42
2024-10-14 19:34:01,64830.0
2024-10-14 19:35:01,64820.47
2024-10-14 19:36:01,64858.0
2024-10-14 19:37:02,64859.03
2024-10-14 19:38:02,64883.35
2024-10-14 19:39:02,64851.97
2024-10-14 19:40:02,64891.33
2024-10-14 19:41:02,64930.01
2024-10-14 19:42:02,64952.47
2024-10-14 19:43:02,64941.19
2024-10-14 19:44:02,64963.79
2024-10-14 19:45:02,64950.29
2024-10-14 19:46:03,64966.0
2024-10-14 19:47:03,64975.77
2024-10-14 19:48:03,64927.54
2024-10-14 19:49:03,64924.0
2024-10-14 19:50:03,64900.01
2024-10-14 19:51:03,64886.0
2024-10-14 19:52:03,64903.42
2024-10-14 19:53:03,64880.0
2024-10-14 19:54:03,64859.99
2024-10-14 19:55:04,64881.88
2024-10-14 19:56:04,64893.97
2024-10-14 19:57:04,64872.0
2024-10-14 19:58:04,64856.45
2024-10-14 19:59:04,64876.0
2024-10-14 20:00:04,64865.98
2024-10-14 20:01:04,64866.35
2024-10-14 20:02:04,64830.67
2024-10-14 20:03:04,64821.08
2024-10-14 20:04:04,64808.0
2024-10-14 20:05:05,64805.43
2024-10-14 20:06:05,64844.0
2024-10-14 20:07:05,64899.99
2024-10-14 20:08:05,64938.01
2024-10-14 20:09:05,64960.63
2024-10-14 20:10:05,64900.0
2024-10-14 20:11:05,64919.99
2024-10-14 20:12:05,64939.99
2024-10-14 20:13:05,64896.8
2024-10-14 20:14:05,64928.01
2024-10-14 20:15:06,64899.89
2024-10-14 20:16:06,64885.99
2024-10-14 20:17:06,64929.99
2024-10-14 20:18:06,64939.99
2024-10-14 20:19:06,64955.52
2024-10-14 20:20:06,64941.85
2024-10-14 20:21:06,64952.52
2024-10-14 20:22:06,64984.99
2024-10-14 20:23:06,64994.0
2024-10-14 20:24:06,64985.34
2024-10-14 20:25:07,64970.6
2024-10-14 20:26:07,64966.0
2024-10-14 20:27:07,64950.36
2024-10-14 20:28:07,64923.44
2024-10-14 20:29:07,64955.98
2024-10-14 20:30:07,64988.0
2024-10-14 20:31:07,65071.6
2024-10-14 20:32:07,65105.99
2024-10-14 20:33:07,64998.9
2024-10-14 20:34:08,64906.02
2024-10-14 20:35:08,64952.0
2024-10-14 20:36:08,64924.01
2024-10-14 20:37:08,64930.0
2024-10-14 20:38:08,64894.51
2024-10-14 20:39:08,64878.02
2024-10-14 20:40:08,64888.32
2024-10-14 20:41:08,64931.99
2024-10-14 20:42:08,64969.52
2024-10-14 20:43:09,64971.0
2024-10-14 20:44:09,64952.01
2024-10-14 20:45:09,64914.01
2024-10-14 20:46:09,64953.99
2024-10-14 20:47:09,64929.25
2024-10-14 20:48:09,64916.0
2024-10-14 20:49:09,64897.67
2024-10-14 20:50:09,64880.52
2024-10-14 20:51:09,64883.52
2024-10-14 20:52:10,64919.99
2024-10-14 20:53:10,64889.35
2024-10-14 20:54:10,64852.0
2024-10-14 20:55:10,64859.63
2024-10-14 20:56:10,64893.99
2024-10-14 20:57:10,64877.61
2024-10-14 20:58:10,64919.99
2024-10-14 20:59:10,64931.89
2024-10-14 21:00:10,64931.19
2024-10-14 21:01:11,64905.95
2024-10-14 21:02:11,64912.0
2024-10-14 21:03:11,64840.02
2024-10-14 21:04:11,64893.99
2024-10-14 21:05:11,64855.99
2024-10-14 21:06:11,64875.51
2024-10-14 21:07:11,64895.99
2024-10-14 21:08:12,64900.01
2024-10-14 21:09:12,64917.88
2024-10-14 21:10:12,64919.98
2024-10-14 21:11:12,64976.02
2024-10-14 21:12:12,64977.99
2024-10-14 21:13:12,64982.0
2024-10-14 21:14:12,64947.99
2024-10-14 21:15:12,64893.98
2024-10-14 21:16:12,64820.0
2024-10-14 21:17:12,64794.92
2024-10-14 21:18:13,64837.98
2024-10-14 21:19:13,64874.03
2024-10-14 21:20:13,64884.54
2024-10-14 21:21:13,64861.47
2024-10-14 21:22:13,64837.35
2024-10-14 21:23:13,64819.64
2024-10-14 21:24:13,64814.01
2024-10-14 21:25:13,64787.99
2024-10-14 21:26:13,64795.85
2024-10-14 21:27:14,64804.0
2024-10-14 21:28:14,64826.0
2024-10-14 21:29:14,64783.38
2024-10-14 21:30:14,64774.39
2024-10-14 21:31:14,64827.92
2024-10-14 21:32:14,64804.99
2024-10-14 21:33:14,64932.0
2024-10-14 21:34:14,64905.95
2024-10-14 21:35:14,64943.99
2024-10-14 21:36:15,64991.99
2024-10-14 21:37:15,64974.02
2024-10-14 21:38:15,64975.26
2024-10-14 21:39:15,64976.72
2024-10-14 21:40:15,64916.7
2024-10-14 21:41:15,64874.0
2024-10-14 21:42:15,64907.5
2024-10-14 21:43:15,64962.0
2024-10-14 21:44:15,64958.58
2024-10-14 21:45:15,64903.47
2024-10-14 21:46:16,64869.82
2024-10-14 21:47:16,64901.99
2024-10-14 21:48:16,64885.01
2024-10-14 21:49:16,64896.0
2024-10-14 21:50:16,64909.46
2024-10-14 21:51:16,64900.0
2024-10-14 21:52:16,64912.97
2024-10-14 21:53:17,64889.74
2024-10-14 21:54:17,64877.48
2024-10-14 21:55:17,64885.98
2024-10-14 21:56:17,64900.0
2024-10-14 21:57:17,64925.57
2024-10-14 21:58:17,64906.0
2024-10-14 21:59:17,64871.99
2024-10-14 22:00:17,64853.04
2024-10-14 22:01:17,64837.16
2024-10-14 22:02:17,64828.0
2024-10-14 22:03:17,64790.88
2024-10-14 22:04:18,64767.99
2024-10-14 22:05:18,64768.95
2024-10-14 22:06:18,64800.49
2024-10-14 22:07:18,64856.2
2024-10-14 22:08:18,64829.67
2024-10-14 22:09:18,64830.0
2024-10-14 22:10:18,64832.96
2024-10-14 22:11:18,64806.48
2024-10-14 22:12:18,64793.83
2024-10-14 22:13:19,64819.99
2024-10-14 22:14:19,64841.87
2024-10-14 22:15:19,64820.85
2024-10-14 22:16:19,64846.0
2024-10-14 22:17:19,64869.99
2024-10-14 22:18:19,64884.9
2024-10-14 22:19:19,64844.01
2024-10-14 22:20:19,64821.0
2024-10-14 22:21:19,64828.5
2024-10-14 22:22:20,64836.12
2024-10-14 22:23:20,64794.0
2024-10-14 22:24:20,64800.94
2024-10-14 22:25:20,64784.0
2024-10-14 22:26:20,64751.56
2024-10-14 22:27:20,64734.53
2024-10-14 22:28:20,64727.5
2024-10-14 22:29:20,64705.99
2024-10-14 22:30:20,64757.97
2024-10-14 22:31:21,64786.13
2024-10-14 22:32:21,64700.02
2024-10-14 22:33:21,64779.99
2024-10-14 22:34:21,64684.0
2024-10-14 22:35:21,64672.61
2024-10-14 22:36:21,64681.99
2024-10-14 22:37:21,64744.0
2024-10-14 22:38:21,64744.93
2024-10-14 22:39:22,64699.91
2024-10-14 22:40:22,64716.0
2024-10-14 22:41:22,64756.13
2024-10-14 22:42:22,64802.3
2024-10-14 22:43:22,64900.0
2024-10-14 22:44:22,64970.93
2024-10-14 22:45:22,64989.98
2024-10-14 22:46:22,65207.48
2024-10-14 22:47:22,65094.97
2024-10-14 22:48:23,65192.14
2024-10-14 22:49:23,65156.95
2024-10-14 22:50:23,65258.01
2024-10-14 22:51:23,65125.01
2024-10-14 22:52:23,65073.96
2024-10-14 22:53:23,65092.0
2024-10-14 22:54:23,65033.98
2024-10-14 22:55:24,65045.98
2024-10-14 22:56:24,65132.01
2024-10-14 22:57:24,65151.52
2024-10-14 22:58:24,65190.0
2024-10-14 22:59:24,65156.0
2024-10-14 23:00:24,65183.99
2024-10-14 23:01:24,65331.64
2024-10-14 23:02:24,65409.87
2024-10-14 23:03:24,65340.01
2024-10-14 23:04:25,65341.98
2024-10-14 23:05:25,65289.35
2024-10-14 23:06:25,65256.01
2024-10-14 23:07:25,65262.0
2024-10-14 23:08:25,65260.01
2024-10-14 23:09:25,65379.99
2024-10-14 23:10:25,65324.0
2024-10-14 23:11:25,65326.0
2024-10-14 23:12:26,65421.45
2024-10-14 23:13:26,65442.27
2024-10-14 23:14:26,65431.39
2024-10-14 23:15:26,65437.99
2024-10-14 23:16:26,65467.71
2024-10-14 23:17:26,65283.2
2024-10-14 23:18:26,65403.3
2024-10-14 23:19:26,65402.0
2024-10-14 23:20:26,65462.53
2024-10-14 23:21:27,65550.0
2024-10-14 23:22:27,65671.99
2024-10-14 23:23:27,65721.99
2024-10-14 23:24:27,65709.25
2024-10-14 23:25:27,65794.99
2024-10-14 23:26:27,65857.0
2024-10-14 23:27:27,65995.02
2024-10-14 23:28:27,65962.01
2024-10-14 23:29:28,65957.69
2024-10-14 23:30:28,65976.01
2024-10-14 23:31:28,65928.37
2024-10-14 23:32:28,65866.86
2024-10-14 23:33:28,65893.5
2024-10-14 23:34:28,65935.99
2024-10-14 23:35:28,65865.99
2024-10-14 23:36:28,65886.0
2024-10-14 23:37:28,65852.0
2024-10-14 23:38:28,65899.99
2024-10-14 23:39:29,65886.79
2024-10-14 23:40:29,65976.0
2024-10-14 23:41:29,66156.01
2024-10-14 23:42:29,66210.33
2024-10-14 23:43:29,66142.01
2024-10-14 23:44:29,66097.5
2024-10-14 23:45:29,66172.01
2024-10-14 23:46:29,66221.39
2024-10-14 23:47:29,66280.0
2024-10-14 23:48:30,66256.11
2024-10-14 23:49:30,66219.99
2024-10-14 23:50:30,66162.0
2024-10-14 23:51:30,66102.01
2024-10-14 23:52:30,65958.0
2024-10-14 23:53:30,65934.83
2024-10-14 23:54:30,66007.46
2024-10-14 23:55:30,66044.0
2024-10-14 23:56:30,66045.99
2024-10-14 23:57:30,66070.97
2024-10-14 23:58:31,65994.69
2024-10-14 23:59:31,65928.0
2024-10-15 00:00:31,65919.9
2024-10-15 00:01:31,65848.01
2024-10-15 00:02:31,65927.96
2024-10-15 00:03:31,65871.98
2024-10-15 00:04:31,65862.0
2024-10-15 00:05:31,65943.99
2024-10-15 00:06:31,65960.52
2024-10-15 00:07:32,65931.98
2024-10-15 00:08:32,65994.0
2024-10-15 00:09:32,65927.99
2024-10-15 00:10:32,65950.0
2024-10-15 00:11:32,65992.0
2024-10-15 00:12:32,66019.99
2024-10-15 00:13:32,65940.02
2024-10-15 00:14:32,65919.99
2024-10-15 00:15:32,65969.5
2024-10-15 00:16:33,65957.07
2024-10-15 00:17:33,66004.0
2024-10-15 00:18:33,66046.0
2024-10-15 00:19:33,66030.0
2024-10-15 00:20:33,66037.99
2024-10-15 00:21:33,66079.95
2024-10-15 00:22:33,65978.32
2024-10-15 00:23:33,65976.2
2024-10-15 00:24:33,65999.99
2024-10-15 00:25:33,66040.41
2024-10-15 00:26:34,65960.01
2024-10-15 00:27:34,66062.0
2024-10-15 00:28:34,65973.65
2024-10-15 00:29:34,65978.0
2024-10-15 00:30:34,66000.0
2024-10-15 00:31:34,66033.81
2024-10-15 00:32:34,66024.25
2024-10-15 00:33:34,66030.0
2024-10-15 00:34:34,66025.99
2024-10-15 00:35:34,66043.99
2024-10-15 00:36:35,66019.92
2024-10-15 00:37:35,66036.0
2024-10-15 00:38:35,65961.21
2024-10-15 00:39:35,65995.99
2024-10-15 00:40:35,65956.02
2024-10-15 00:41:35,65934.82
2024-10-15 00:42:35,65959.89
2024-10-15 00:43:35,65898.01
2024-10-15 00:44:35,65855.77
2024-10-15 00:45:35,65898.0
2024-10-15 00:46:35,65907.97
2024-10-15 00:47:36,65949.97
2024-10-15 00:48:36,65895.4
2024-10-15 00:49:36,65886.0
2024-10-15 00:50:36,65903.72
2024-10-15 00:51:36,65936.0
2024-10-15 00:52:36,65936.87
2024-10-15 00:53:36,65831.63
